Workbook

Sheet Index 2013 to 2025
A1: Old series Index | L1: Back Series Index
A2: Year | B2: Month | C2: State | D2: Group | E2: Sub Group | F2: Description | G2: Rural | H2: Urban | I2: Combined | J2: Status | L2: Rural | M2: Urban | N2: Combined
A3: 2013 | B3: January | C3: ALL India | F3: General Index (All Groups) | G3: 105.1 | H3: 104 | I3: 104.6 | J3: F | L3: =G3*'Linking Factor'!$C$19 -> 54.88322 | M3: =H3*'Linking Factor'!$D$19 -> 55.328 | N3: =I3*'Linking Factor'!$E$19 -> 55.09282
A4: 2013 | B4: February | C4: ALL India | F4: General Index (All Groups) | G4: 105.8 | H4: 104.7 | I4: 105.3 | J4: F | L4: =G4*'Linking Factor'!$C$19 -> 55.24876 | M4: =H4*'Linking Factor'!$D$19 -> 55.7004 | N4: =I4*'Linking Factor'!$E$19 -> 55.46151
A5: 2013 | B5: March | C5: ALL India | F5: General Index (All Groups) | G5: 106 | H5: 105 | I5: 105.5 | J5: F | L5: =G5*'Linking Factor'!$C$19 -> 55.3532 | M5: =H5*'Linking Factor'!$D$19 -> 55.86 | N5: =I5*'Linking Factor'!$E$19 -> 55.56685
A6: 2013 | B6: April | C6: ALL India | F6: General Index (All Groups) | G6: 106.4 | H6: 105.7 | I6: 106.1 | J6: F | L6: =G6*'Linking Factor'!$C$19 -> 55.56208 | M6: =H6*'Linking Factor'!$D$19 -> 56.2324 | N6: =I6*'Linking Factor'!$E$19 -> 55.88287
A7: 2013 | B7: May | C7: ALL India | F7: General Index (All Groups) | G7: 107.2 | H7: 106.6 | I7: 106.9 | J7: F | L7: =G7*'Linking Factor'!$C$19 -> 55.97984 | M7: =H7*'Linking Factor'!$D$19 -> 56.7112 | N7: =I7*'Linking Factor'!$E$19 -> 56.30423
A8: 2013 | B8: June | C8: ALL India | F8: General Index (All Groups) | G8: 108.9 | H8: 109.7 | I8: 109.3 | J8: F | L8: =G8*'Linking Factor'!$C$19 -> 56.86758 | M8: =H8*'Linking Factor'!$D$19 -> 58.3604 | N8: =I8*'Linking Factor'!$E$19 -> 57.56831
A9: 2013 | B9: July | C9: ALL India | F9: General Index (All Groups) | G9: 110.7 | H9: 111.4 | I9: 111 | J9: F | L9: =G9*'Linking Factor'!$C$19 -> 57.80754 | M9: =H9*'Linking Factor'!$D$19 -> 59.2648 | N9: =I9*'Linking Factor'!$E$19 -> 58.4637
A10: 2013 | B10: August | C10: ALL India | F10: General Index (All Groups) | G10: 112.1 | H10: 112.7 | I10: 112.4 | J10: F | L10: =G10*'Linking Factor'!$C$19 -> 58.53862 | M10: =H10*'Linking Factor'!$D$19 -> 59.9564 | N10: =I10*'Linking Factor'!$E$19 -> 59.20108
A11: 2013 | B11: September | C11: ALL India | F11: General Index (All Groups) | G11: 114.2 | H11: 113.2 | I11: 113.7 | J11: F | L11: =G11*'Linking Factor'!$C$19 -> 59.63524 | M11: =H11*'Linking Factor'!$D$19 -> 60.2224 | N11: =I11*'Linking Factor'!$E$19 -> 59.88579
A12: 2013 | B12: October | C12: ALL India | F12: General Index (All Groups) | G12: 115.5 | H12: 114 | I12: 114.8 | J12: F | L12: =G12*'Linking Factor'!$C$19 -> 60.3141 | M12: =H12*'Linking Factor'!$D$19 -> 60.648 | N12: =I12*'Linking Factor'!$E$19 -> 60.46516
A13: 2013 | B13: November | C13: ALL India | F13: General Index (All Groups) | G13: 117.4 | H13: 115 | I13: 116.3 | J13: F | L13: =G13*'Linking Factor'!$C$19 -> 61.30628 | M13: =H13*'Linking Factor'!$D$19 -> 61.18 | N13: =I13*'Linking Factor'!$E$19 -> 61.25521
A14: 2013 | B14: December | C14: ALL India | F14: General Index (All Groups) | G14: 115.5 | H14: 113.3 | I14: 114.5 | J14: F | L14: =G14*'Linking Factor'!$C$19 -> 60.3141 | M14: =H14*'Linking Factor'!$D$19 -> 60.2756 | N14: =I14*'Linking Factor'!$E$19 -> 60.30715
... A158: 2025 | B158: December | C158: ALL India | F158: General Index (All Groups) | G158: 199.9 | H158: 195.9 | I158: 198 | J158: P | L158: =G158*'Linking Factor'!$C$19 -> 104.38778 | M158: =H158*'Linking Factor'!$D$19 -> 104.2188 | N158: =I158*'Linking Factor'!$E$19 -> 104.2866

Sheet Sheet5
A1: Year | B1: Month | C1: State | D1: Rural | E1: Urban | F1: Combined
A2: 2013 | B2: January | C2: ALL India | D2: 54.88322 | E2: 55.328 | F2: 55.09282
A3: 2013 | B3: February | C3: ALL India | D3: 55.24876 | E3: 55.7004 | F3: 55.46151
A4: 2013 | B4: March | C4: ALL India | D4: 55.3532 | E4: 55.86 | F4: 55.56685
A5: 2013 | B5: April | C5: ALL India | D5: 55.56208 | E5: 56.2324 | F5: 55.88287
A6: 2013 | B6: May | C6: ALL India | D6: 55.97984 | E6: 56.7112 | F6: 56.30423
A7: 2013 | B7: June | C7: ALL India | D7: 56.86758 | E7: 58.3604 | F7: 57.56831
A8: 2013 | B8: July | C8: ALL India | D8: 57.80754 | E8: 59.2648 | F8: 58.4637
A9: 2013 | B9: August | C9: ALL India | D9: 58.53862 | E9: 59.9564 | F9: 59.20108
A10: 2013 | B10: September | C10: ALL India | D10: 59.63524 | E10: 60.2224 | F10: 59.88579
A11: 2013 | B11: October | C11: ALL India | D11: 60.3141 | E11: 60.648 | F11: 60.46516
A12: 2013 | B12: November | C12: ALL India | D12: 61.30628 | E12: 61.18 | F12: 61.25521
A13: 2013 | B13: December | C13: ALL India | D13: 60.3141 | E13: 60.2756 | F13: 60.30715
... A157: 2025 | B157: December | C157: ALL India | D157: 104.38778 | E157: 104.2188 | F157: 104.2866

Sheet Linking Factor
A1: BASE 2012 | G1: BASE 2024
A2: Year | B2: Month | C2: Rural | D2: Urban | E2: Combined | H2: Rural | J2: Urban | L2: Combined
A3: 2025 | B3: January | C3: 195.9 | D3: 190.6 | E3: 193.4 | F3: F | G3: Jan | H3: 101.80825 | I3: =ROUND(H3,2) -> 101.81 | J3: 101.49211 | K3: 101.49 | L3: 101.66731 | M3: 101.67
A4: 2025 | B4: February | C4: 194.5 | D4: 190.1 | E4: 192.5 | F4: F | G4: Feb | H4: 101.33127 | I4: =ROUND(H4,2) -> 101.33 | J4: 101.30177 | K4: 101.3 | L4: 101.31812 | M4: 101.32
A5: 2025 | B5: March | C5: 193.9 | D5: 189.9 | E5: 192 | F5: F | G5: Mar | H5: 101.33535 | I5: =ROUND(H5,2) -> 101.34 | J5: 101.46866 | K5: 101.47 | L5: 101.39478 | M5: 101.39
A6: 2025 | B6: April | C6: 194 | D6: 190.9 | E6: 192.6 | F6: F | G6: Apr | H6: 101.48535 | I6: =ROUND(H6,2) -> 101.49 | J6: 101.70801 | K6: 101.71 | L6: 101.58461 | M6: 101.58
A7: 2025 | B7: May | C7: 194.3 | D7: 191.5 | E7: 193 | F7: F | G7: May | H7: 101.7778 | I7: =ROUND(H7,2) -> 101.78 | J7: 102.06004 | K7: 102.06 | L7: 101.90362 | M7: 101.9
A8: 2025 | B8: June | C8: 195.5 | D8: 192.6 | E8: 194.2 | F8: F | G8: Jun | H8: 102.38618 | I8: =ROUND(H8,2) -> 102.39 | J8: 102.66232 | K8: 102.66 | L8: 102.50928 | M8: 102.51
A9: 2025 | B9: July | C9: 197.6 | D9: 194.3 | E9: 196.1 | F9: F | G9: Jul | H9: 103.33643 | I9: =ROUND(H9,2) -> 103.34 | J9: 103.36194 | K9: 103.36 | L9: 103.34781 | M9: 103.35
A10: 2025 | B10: August | C10: 198.7 | D10: 195 | E10: 197 | F10: F | G10: Aug | H10: 103.8441 | I10: =ROUND(H10,2) -> 103.84 | J10: 103.60276 | K10: 103.6 | L10: 103.73651 | M10: 103.74
A11: 2025 | B11: September | C11: 198.8 | D11: 194.9 | E11: 197 | F11: F | G11: Sep | H11: 103.80448 | I11: =ROUND(H11,2) -> 103.8 | J11: 103.65867 | K11: 103.66 | L11: 103.73947 | M11: 103.74
A12: 2025 | B12: October | C12: 199 | D12: 195.4 | E12: 197.3 | F12: F | G12: Oct | H12: 103.84536 | I12: =ROUND(H12,2) -> 103.85 | J12: 103.60963 | K12: 103.61 | L12: 103.74027 | M12: 103.74
A13: 2025 | B13: November | C13: 199.6 | D13: 195.9 | E13: 197.9 | F13: F | G13: Nov | H13: 104.16394 | I13: =ROUND(H13,2) -> 104.16 | J13: 103.82545 | K13: 103.83 | L13: 104.01304 | M13: 104.01
A14: 2025 | B14: December | C14: 199.9 | D14: 195.9 | E14: 198 | F14: P | G14: Dec | H14: 104.1916 | I14: =ROUND(H14,2) -> 104.19 | J14: 103.97815 | K14: 103.98 | L14: 104.09644 | M14: 104.1
C15: =GEOMEAN(C3:C14) -> 196.79545 | D15: =GEOMEAN(D3:D14) -> 193.06986 | E15: =GEOMEAN(E3:E14) -> 195.07051 | H15: =GEOMEAN(H3:H14) -> 102.76955 | I15: =GEOMEAN(I3:I14) -> 102.7704 | J15: =GEOMEAN(J3:J14) -> 102.7225 | K15: =GEOMEAN(K3:K14) -> 102.72253 | L15: =GEOMEAN(L3:L14) -> 102.74864 | M15: =GEOMEAN(M3:M14) -> 102.74852
C17: Rural | D17: Urban | E17: Combined
B18: Linking Factor | C18: =H15/C15 -> 0.52221508 | D18: =J15/D15 -> 0.53204835 | E18: =L15/E15 -> 0.52672563 | G18: =I15/C15 -> 0.52221939 | H18: =K15/D15 -> 0.53204853 | I18: =M15/E15 -> 0.52672502
C19: 0.5222 | D19: 0.532 | E19: 0.5267

Sheet DIID format_old
A1: State | B1: Year | C1: Month | D1: Attribute | E1: Value | G1: State | H1: Year | I1: Month | J1: Attribute | L1: Value
A2: ALL India | B2: 2013 | C2: January | D2: Rural | E2: 54.884805 | G2: ALL India | H2: 2013 | I2: January | J2: Rural | K2: =CONCATENATE(J2,H2,I2) -> Rural2013January | L2: 54.884805
A3: ALL India | B3: 2013 | C3: January | D3: Urban | E3: 55.333028 | G3: ALL India | H3: 2013 | I3: January | J3: Urban | K3: =CONCATENATE(J3,H3,I3) -> Urban2013January | L3: 55.333028
A4: ALL India | B4: 2013 | C4: January | D4: Combined | E4: 55.095501 | G4: ALL India | H4: 2013 | I4: January | J4: Combined | K4: =CONCATENATE(J4,H4,I4) -> Combined2013January | L4: 55.095501
A5: ALL India | B5: 2013 | C5: February | D5: Rural | E5: 55.250356 | G5: ALL India | H5: 2013 | I5: February | J5: Rural | K5: =CONCATENATE(J5,H5,I5) -> Rural2013February | L5: 55.250356
A6: ALL India | B6: 2013 | C6: February | D6: Urban | E6: 55.705462 | G6: ALL India | H6: 2013 | I6: February | J6: Urban | K6: =CONCATENATE(J6,H6,I6) -> Urban2013February | L6: 55.705462
A7: ALL India | B7: 2013 | C7: February | D7: Combined | E7: 55.464209 | G7: ALL India | H7: 2013 | I7: February | J7: Combined | K7: =CONCATENATE(J7,H7,I7) -> Combined2013February | L7: 55.464209
A8: ALL India | B8: 2013 | C8: March | D8: Rural | E8: 55.354799 | G8: ALL India | H8: 2013 | I8: March | J8: Rural | K8: =CONCATENATE(J8,H8,I8) -> Rural2013March | L8: 55.354799
A9: ALL India | B9: 2013 | C9: March | D9: Urban | E9: 55.865077 | G9: ALL India | H9: 2013 | I9: March | J9: Urban | K9: =CONCATENATE(J9,H9,I9) -> Urban2013March | L9: 55.865077
A10: ALL India | B10: 2013 | C10: March | D10: Combined | E10: 55.569554 | G10: ALL India | H10: 2013 | I10: March | J10: Combined | K10: =CONCATENATE(J10,H10,I10) -> Combined2013March | L10: 55.569554
A11: ALL India | B11: 2013 | C11: April | D11: Rural | E11: 55.563685 | G11: ALL India | H11: 2013 | I11: April | J11: Rural | K11: =CONCATENATE(J11,H11,I11) -> Rural2013April | L11: 55.563685
A12: ALL India | B12: 2013 | C12: April | D12: Urban | E12: 56.23751 | G12: ALL India | H12: 2013 | I12: April | J12: Urban | K12: =CONCATENATE(J12,H12,I12) -> Urban2013April | L12: 56.23751
A13: ALL India | B13: 2013 | C13: April | D13: Combined | E13: 55.885589 | G13: ALL India | H13: 2013 | I13: April | J13: Combined | K13: =CONCATENATE(J13,H13,I13) -> Combined2013April | L13: 55.885589
... A469: ALL India | B469: 2025 | C469: December | D469: Combined | E469: 104.29167 | G469: ALL India | H469: 2025 | I469: December | J469: Combined | K469: =CONCATENATE(J469,H469,I469) -> Combined2025December | L469: 104.29167

Sheet Sheet6
A1: Year | B1: Month | C1: State | D1: Attribute | E1: Value | H1: Year | I1: Month | J1: State | K1: Attribute | M1: Value
A2: 2013 | B2: January | C2: ALL India | D2: Rural | E2: 54.88322 | H2: 2013 | I2: January | J2: ALL India | K2: Rural | L2: =CONCATENATE(H2,I2,K2) -> 2013JanuaryRural | M2: 54.88322 | N2: 54.9
A3: 2013 | B3: January | C3: ALL India | D3: Urban | E3: 55.328 | H3: 2013 | I3: January | J3: ALL India | K3: Urban | L3: =CONCATENATE(H3,I3,K3) -> 2013JanuaryUrban | M3: 55.328 | N3: 55.3
A4: 2013 | B4: January | C4: ALL India | D4: Combined | E4: 55.09282 | H4: 2013 | I4: January | J4: ALL India | K4: Combined | L4: =CONCATENATE(H4,I4,K4) -> 2013JanuaryCombined | M4: 55.09282 | N4: 55.1
A5: 2013 | B5: February | C5: ALL India | D5: Rural | E5: 55.24876 | H5: 2013 | I5: February | J5: ALL India | K5: Rural | L5: =CONCATENATE(H5,I5,K5) -> 2013FebruaryRural | M5: 55.24876 | N5: 55.2
A6: 2013 | B6: February | C6: ALL India | D6: Urban | E6: 55.7004 | H6: 2013 | I6: February | J6: ALL India | K6: Urban | L6: =CONCATENATE(H6,I6,K6) -> 2013FebruaryUrban | M6: 55.7004 | N6: 55.7
A7: 2013 | B7: February | C7: ALL India | D7: Combined | E7: 55.46151 | H7: 2013 | I7: February | J7: ALL India | K7: Combined | L7: =CONCATENATE(H7,I7,K7) -> 2013FebruaryCombined | M7: 55.46151 | N7: 55.5
A8: 2013 | B8: March | C8: ALL India | D8: Rural | E8: 55.3532 | H8: 2013 | I8: March | J8: ALL India | K8: Rural | L8: =CONCATENATE(H8,I8,K8) -> 2013MarchRural | M8: 55.3532 | N8: 55.4
A9: 2013 | B9: March | C9: ALL India | D9: Urban | E9: 55.86 | H9: 2013 | I9: March | J9: ALL India | K9: Urban | L9: =CONCATENATE(H9,I9,K9) -> 2013MarchUrban | M9: 55.86 | N9: 55.9
A10: 2013 | B10: March | C10: ALL India | D10: Combined | E10: 55.56685 | H10: 2013 | I10: March | J10: ALL India | K10: Combined | L10: =CONCATENATE(H10,I10,K10) -> 2013MarchCombined | M10: 55.56685 | N10: 55.6
A11: 2013 | B11: April | C11: ALL India | D11: Rural | E11: 55.56208 | H11: 2013 | I11: April | J11: ALL India | K11: Rural | L11: =CONCATENATE(H11,I11,K11) -> 2013AprilRural | M11: 55.56208 | N11: 55.6
A12: 2013 | B12: April | C12: ALL India | D12: Urban | E12: 56.2324 | H12: 2013 | I12: April | J12: ALL India | K12: Urban | L12: =CONCATENATE(H12,I12,K12) -> 2013AprilUrban | M12: 56.2324 | N12: 56.2
A13: 2013 | B13: April | C13: ALL India | D13: Combined | E13: 55.88287 | H13: 2013 | I13: April | J13: ALL India | K13: Combined | L13: =CONCATENATE(H13,I13,K13) -> 2013AprilCombined | M13: 55.88287 | N13: 55.9
... A469: 2025 | B469: December | C469: ALL India | D469: Combined | E469: 104.2866 | H469: 2025 | I469: December | J469: ALL India | K469: Combined | L469: =CONCATENATE(H469,I469,K469) -> 2025DecemberCombined | M469: 104.2866 | N469: 104.3
